Model,Total Responses,Refusals,Correct,Incorrect,Refusal Rate (%),Correct Rate (%),Incorrect Rate (%)
Baseline,5998,2956,223,2819,49.28309436478826,3.717905968656219,46.99899966655552
Finegrained Prefill,5982,1019,855,4108,17.034436643263124,14.292878635907725,68.67268472082915
Standard Prefill,11998,5104,801,6093,42.540423403900654,6.676112685447574,50.78346391065177
