model,level,mean_coverage,std_coverage,response_count,fact_score,std_score,se_score
Chinese Model,broad,0.11350862925815487,0.21084468065403203,1054,11.350862925815488,21.084468065403204,0.649444948827022
Chinese Model,medium,0.1945925245098039,0.25360352410141085,1088,19.45925245098039,25.360352410141086,0.7688486153669052
Chinese Model,targeted,0.11449955908289242,0.16909559802727767,900,11.449955908289242,16.909559802727767,0.5636519934242589
Llama 70B,broad,0.8142306891526129,0.16666713589335985,1601,81.42306891526128,16.666713589335984,0.41653769203703916
Llama 70B,medium,0.750020538098172,0.22771929156912663,1623,75.0020538098172,22.771929156912663,0.5652499910562254
Llama 70B,targeted,0.4998861440085533,0.21922094328689817,1544,49.98861440085533,21.922094328689816,0.557902611282784
