Response Type,Total Responses,REFUSAL (%),CORRECT (%),PARTIAL (%),INCORRECT (%),Avg Fact Coverage (%)
Initial,570,52.63157894736842,5.43859649122807,11.929824561403509,30.0,23.049382716049383
Continuation,28500,29.46315789473684,4.575438596491228,21.15438596491228,44.80701754385965,18.762063476271017
