Model,Total Responses,Refusals,Correct,Incorrect,Refusal Rate (%),Correct Rate (%),Incorrect Rate (%)
Baseline,596,296,26,274,49.664429530201346,4.3624161073825505,45.97315436241611
Finegrained Prefill,5982,1019,855,4108,17.034436643263124,14.292878635907725,68.67268472082915
Standard Prefill,11998,5104,801,6093,42.540423403900654,6.676112685447574,50.78346391065177
