model,level,mean_coverage,std_coverage,response_count,fact_score,std_score,se_score
Chinese Model,broad,0.10931776556776557,0.20765890056396824,104,10.931776556776557,20.765890056396824,2.036263050282496
Chinese Model,medium,0.17987421383647798,0.25982001280426587,106,17.9874213836478,25.982001280426587,2.5235950519426678
Chinese Model,targeted,0.11059523809523811,0.1543980628621605,90,11.05952380952381,15.43980628621605,1.627498483207611
Llama 70B,broad,0.8142306891526129,0.16666713589335985,1601,81.42306891526128,16.666713589335984,0.41653769203703916
Llama 70B,medium,0.750020538098172,0.22771929156912663,1623,75.0020538098172,22.771929156912663,0.5652499910562254
Llama 70B,targeted,0.4998861440085533,0.21922094328689817,1544,49.98861440085533,21.922094328689816,0.557902611282784
